id,equipo_local,equipo_visitante,estadio,ciudad,fecha,fase,goles_local,goles_visitante

2,Mexico,Polonia,Al Bayt Stadium,Al Khor,2026-06-13,grupos,4,5
3,Francia,Alemania,Khalifa International Stadium,Doha,2026-06-14,grupos,,
4,Brasil,Chile,,,2026-06-15,grupos,,
5,Inglaterra,Uruguay,,,2026-06-22,octavos,,
6,Francia,España,,,2026-06-28,cuartos,,
8,Colombia,Bolivia,Atalanta Stadium,,2026-12-12,octavos,,
9,Armenia,Eslovaquia,Maracaná,Rio de Janeiro,2026-07-04,cuartos,,
10,Argentina,Alemania,,,2026-03-04,semis,,
